Value_of_X,Sin_Values
1,1.9093
2,1.2432
3,2.72058
4,4.98936
5,4.45598
6,5.46343
7,7.99061
8,7.7121
9,8.24901
10,10.9129
11,10.9911
12,11.0944
13,13.7626
14,14.2709
15,14.012
16,16.5514
17,17.5291
18,17.0082
19,19.2964
20,20.7451
21,20.0835
22,22.0177
23,23.9018
24,23.2317
25,24.7376
26,26.9866
27,26.4412
28,27.4784
29,29.9929
30,29.6952
31,30.2608
32,32.92
33,32.9734
34,33.1021
35,35.7739
36,36.2538
37,36.0149
38,38.5661
39,39.514
40,39.0061
41,41.3132
42,42.7332
43,42.0765
44,44.0354
45,45.894
46,45.2205
47,46.7547
48,48.9836
49,48.4266
50,49.4936
51,51.9948
52,51.6784
53,52.2729
54,54.9268
55,54.9558
56,55.11
57,57.785
58,58.2367
59,58.018
60,60.5806
61,61.4987
62,61.0043
63,63.33
64,64.721
65,64.0699
66,66.0531
67,67.8859
68,67.2096
69,68.7719
70,70.9802
71,70.4122
72,71.509
73,73.9965
74,73.6617
75,74.2851
76,76.9333
77,76.9381
78,77.1182
79,79.7958
80,80.2194
81,80.0215
82,82.5949
83,83.4833
84,83.0028
85,85.3466
86,86.7087
87,86.0635
88,88.0708
89,89.8776
90,89.1988
91,90.7892
92,92.9766
93,92.398
94,93.5245
95,95.9978
96,95.6451
97,96.2976
98,98.9395
99,98.9204
100,99.1267
101,101.806
102,102.202
103,102.025
104,104.609
105,105.468
106,105.002
107,107.363
108,108.696
109,108.057
110,110.088
111,111.869
112,111.188
113,112.807
114,114.973
115,114.384
116,115.54
117,117.999
118,117.629
119,118.31
120,120.945
121,120.903
122,121.135
123,123.817
124,124.185
125,124.029
126,126.623
127,127.452
128,127.001
129,129.38
130,130.683
131,130.052
132,132.106
133,133.86
134,133.178
135,134.824
136,136.968
137,136.37
138,137.556
139,140
140,139.612
141,140.323
142,142.951
143,142.885
144,143.144
145,145.827
146,146.167
147,146.034
148,148.637
149,149.436
150,149
151,151.396
152,152.67
153,152.046
154,154.124
155,155.851
156,155.168
157,156.841
158,158.964
159,158.356
160,159.572
161,162
162,161.596
163,162.336
164,164.956
165,164.868
166,165.154
167,167.837
168,168.15
169,168.039
170,170.65
171,171.42
172,171
173,173.412
174,174.657
175,174.041
176,176.141
177,177.841
178,177.159
179,178.859
180,180.959
181,180.343
182,181.588
183,184
184,183.58
185,184.35
186,186.961
187,186.85
188,187.163
189,189.846
190,190.132
191,190.044
192,192.664
193,193.404
194,193
195,195.428
196,196.644
197,196.036
198,198.159
199,199.832
200,199.149
201,200.876
202,202.954
203,202.33
204,203.604
205,206
206,205.564
207,206.363
208,208.966
209,208.833
210,209.173
211,211.856
212,212.115
213,212.049
214,214.677
215,215.388
216,215
217,217.444
218,218.63
219,218.032
220,220.176
221,221.822
222,221.14
223,222.894
224,224.948
225,224.317
226,225.62
227,227.999
228,227.548
229,228.377
230,230.971
231,230.815
232,231.183
233,233.865
234,234.097
235,234.055
236,236.69
237,237.371
238,237.001
239,239.46
240,240.616
241,240.027
242,242.194
243,243.812
244,243.131
245,244.912
246,246.943
247,246.304
248,247.637
249,249.998
250,249.532
251,250.391
252,252.975
253,252.798
254,253.194
255,255.873
256,256.08
257,256.06
258,258.702
259,259.355
260,259.002
261,261.476
262,262.602
263,262.023
264,264.211
265,265.801
266,265.122
267,266.929
268,268.936
269,268.291
270,269.653
271,271.997
272,271.517
273,272.405
274,274.978
275,274.781
276,275.204
277,277.882
278,278.062
279,278.067
280,280.715
281,281.338
282,281.004
283,283.491
284,284.588
285,284.02
286,286.228
287,287.79
288,287.114
289,288.947
290,290.93
291,290.279
292,291.67
293,293.996
294,293.501
295,294.419
296,296.982
297,296.763
298,297.215
299,299.89
300,300.044
301,300.073
302,302.727
303,303.322
304,303.005
305,305.506
306,306.573
307,306.016
308,308.245
309,309.779
310,309.106
311,310.965
312,312.923
313,312.267
314,313.687
315,315.994
316,315.486
317,316.434
318,318.985
319,318.746
320,319.226
321,321.898
322,322.026
323,322.08
324,324.739
325,325.305
326,325.007
327,327.522
328,328.559
329,328.013
330,330.262
331,331.768
332,331.098
333,332.982
334,334.916
335,334.255
336,335.704
337,337.992
338,337.471
339,338.449
340,340.988
341,340.729
342,341.237
343,343.906
344,344.009
345,344.087
346,346.751
347,347.288
348,347.009
349,349.537
350,350.544
351,350.011
352,352.279
353,353.757
354,353.091
355,355
356,356.909
357,356.243
358,357.721
359,359.989
360,359.456
361,360.463
362,362.991
363,362.712
364,363.249
365,365.913
366,365.991
367,366.094
368,368.763
369,369.271
370,369.012
371,371.551
372,372.529
373,372.008
374,374.296
375,375.745
376,375.083
377,377.018
378,378.902
379,378.232
380,379.738
381,381.987
382,381.441
383,382.479
384,384.993
385,384.695
386,385.261
387,387.92
388,387.973
389,388.102
390,390.774
391,391.254
392,391.015
393,393.566
394,394.514
395,394.006
396,396.313
397,397.733
398,397.077
399,399.035
400,400.894
401,400.22
402,401.755
403,403.984
404,403.427
405,404.494
406,406.995
407,406.678
408,407.273
409,409.927
410,409.956
411,410.11
412,412.785
413,413.237
414,413.018
415,415.581
416,416.499
417,416.004
418,418.33
419,419.721
420,419.07
421,421.053
422,422.886
423,422.21
424,423.772
425,425.98
426,425.412
427,426.509
428,428.996
429,428.662
430,429.285
431,431.933
432,431.938
433,432.118
434,434.796
435,435.219
436,435.022
437,437.595
438,438.483
439,438.003
440,440.347
441,441.709
442,441.064
443,443.071
444,444.878
445,444.199
446,445.789
447,447.977
448,447.398
449,448.525
450,450.998
451,450.645
452,451.298
453,453.94
454,453.92
455,454.127
456,456.806
457,457.202
458,457.025
459,459.609
460,460.468
461,460.002
462,462.363
463,463.696
464,463.057
465,465.088
466,466.869
467,466.188
468,467.807
469,469.973
470,469.384
471,470.54
472,472.999
473,472.629
474,473.31
475,475.945
476,475.903
477,476.135
478,478.817
479,479.185
480,479.029
481,481.623
482,482.452
483,482.001
484,484.38
485,485.683
486,485.052
487,487.106
488,488.86
489,488.178
490,489.824
491,491.968
492,491.37
493,492.556
494,495
495,494.612
496,495.323
497,497.951
498,497.885
499,498.145
500,500.827
501,501.167
502,501.034
503,503.637
504,504.436
505,504
506,506.396
507,507.67
508,507.046
509,509.124
510,510.851
511,510.168
512,511.841
513,513.964
514,513.356
515,514.572
516,517
517,516.596
518,517.336
519,519.956
520,519.868
521,520.154
522,522.837
523,523.15
524,523.039
525,525.65
526,526.42
527,526
528,528.412
529,529.657
530,529.041
531,531.141
532,532.841
533,532.158
534,533.859
535,535.959
536,535.343
537,536.588
538,539
539,538.58
540,539.35
541,541.961
542,541.85
543,542.163
544,544.846
545,545.132
546,545.044
547,547.664
548,548.404
549,548
550,550.428
551,551.643
552,551.036
553,553.159
554,554.832
555,554.149
556,555.877
557,557.954
558,557.33
559,558.604
560,561
561,560.564
562,561.363
563,563.966
564,563.833
565,564.173
566,566.856
567,567.115
568,567.049
569,569.677
570,570.388
571,570
572,572.444
573,573.63
574,573.032
575,575.176
576,576.822
577,576.14
578,577.894
579,579.948
580,579.317
581,580.62
582,582.999
583,582.548
584,583.377
585,585.971
586,585.815
587,586.183
588,588.865
589,589.097
590,589.055
591,591.69
592,592.371
593,592.001
594,594.46
595,595.616
596,595.027
597,597.194
598,598.812
599,598.131
600,599.912
601,601.942
602,601.304
603,602.637
604,604.998
605,604.532
606,605.391
607,607.975
608,607.798
609,608.194
610,610.873
611,611.079
612,611.061
613,613.702
614,614.355
615,614.002
616,616.476
617,617.602
618,617.023
619,619.211
620,620.801
621,620.122
622,621.929
623,623.936
624,623.291
625,624.653
626,626.997
627,626.517
628,627.405
629,629.978
630,629.78
631,630.204
632,632.882
633,633.062
634,633.067
635,635.715
636,636.338
637,636.004
638,638.491
639,639.588
640,639.02
641,641.228
642,642.79
643,642.114
644,643.947
645,645.93
646,645.279
647,646.67
648,648.996
649,648.501
650,649.419
651,651.982
652,651.763
653,652.215
654,654.89
655,655.044
656,655.073
657,657.727
658,658.322
659,658.005
660,660.506
661,661.573
662,661.016
663,663.245
664,664.779
665,664.106
666,665.965
667,667.923
668,667.267
669,668.687
670,670.994
671,670.486
672,671.434
673,673.985
674,673.746
675,674.226
676,676.898
677,677.026
678,677.08
679,679.739
680,680.305
681,680.007
682,682.522
683,683.559
684,683.013
685,685.262
686,686.768
687,686.098
688,687.982
689,689.916
690,689.255
691,690.704
692,692.992
693,692.471
694,693.449
695,695.988
696,695.729
697,696.238
698,698.906
699,699.009
700,699.087
701,701.751
702,702.288
703,702.009
704,704.537
705,705.544
706,705.011
707,707.28
708,708.757
709,708.091
710,710
711,711.909
712,711.243
713,712.721
714,714.989
715,714.456
716,715.464
717,717.991
718,717.712
719,718.249
720,720.913
721,720.991
722,721.094
723,723.763
724,724.271
725,724.012
726,726.552
727,727.529
728,727.008
729,729.296
730,730.745
731,730.083
732,732.018
733,733.902
734,733.232
735,734.738
736,736.987
737,736.441
738,737.479
739,739.993
740,739.695
741,740.261
742,742.92
743,742.973
744,743.102
745,745.774
746,746.254
747,746.015
748,748.566
749,749.514
750,749.006
751,751.313
752,752.733
753,752.076
754,754.036
755,755.894
756,755.22
757,756.755
758,758.984
759,758.427
760,759.494
761,761.995
762,761.678
763,762.273
764,764.927
765,764.956
766,765.11
767,767.785
768,768.237
769,768.018
770,770.581
771,771.499
772,771.004
773,773.33
774,774.721
775,774.07
776,776.053
777,777.886
778,777.209
779,778.772
780,780.98
781,780.412
782,781.509
783,783.996
784,783.662
785,784.285
786,786.933
787,786.938
788,787.118
789,789.796
790,790.219
791,790.022
792,792.595
793,793.483
794,793.003
795,795.347
796,796.709
797,796.063
798,798.071
799,799.878
800,799.199
801,800.789
802,802.977
803,802.398
804,803.525
805,805.998
806,805.645
807,806.298
808,808.94
809,808.92
810,809.127
811,811.806
812,812.202
813,812.025
814,814.609
815,815.468
816,815.002
817,817.363
818,818.696
819,818.057
820,820.089
821,821.869
822,821.188
823,822.807
824,824.973
825,824.384
826,825.54
827,827.999
828,827.628
829,828.31
830,830.945
831,830.903
832,831.136
833,833.817
834,834.185
835,834.03
836,836.623
837,837.452
838,837.001
839,839.38
840,840.683
841,840.052
842,842.106
843,843.86
844,843.178
845,844.824
846,846.968
847,846.37
848,847.556
849,850
850,849.612
851,850.323
852,852.951
853,852.885
854,853.145
855,855.827
856,856.167
857,856.034
858,858.637
859,859.436
860,859
861,861.396
862,862.67
863,862.046
864,864.124
865,865.851
866,865.168
867,866.842
868,868.964
869,868.356
870,869.572
871,872
872,871.596
873,872.336
874,874.956
875,874.867
876,875.154
877,877.837
878,878.15
879,878.039
880,880.65
881,881.42
882,881
883,883.412
884,884.657
885,884.041
886,886.141
887,887.841
888,887.158
889,888.859
890,890.959
891,890.343
892,891.588
893,894
894,893.58
895,894.35
896,896.961
897,896.85
898,897.163
899,899.846
900,900.132
901,900.044
902,902.664
903,903.404
904,903
905,905.428
906,906.643
907,906.036
908,908.159
909,909.832
910,909.149
911,910.877
912,912.954
913,912.33
914,913.604
915,916
916,915.564
917,916.363
918,918.966
919,918.832
920,919.173
921,921.856
922,922.115
923,922.049
924,924.677
925,925.388
926,925
927,927.444
928,928.63
929,928.032
930,930.176
931,931.822
932,931.14
933,932.894
934,934.948
935,934.317
936,935.621
937,937.999
938,937.548
939,938.377
940,940.971
941,940.815
942,941.183
943,943.865
944,944.097
945,944.055
946,946.69
947,947.371
948,947.001
949,949.46
950,950.616
951,950.027
952,952.194
953,953.812
954,953.131
955,954.912
956,956.942
957,956.304
958,957.637
959,959.998
960,959.532
961,960.391
962,962.975
963,962.798
964,963.194
965,965.873
966,966.079
967,966.061
968,968.703
969,969.355
970,969.002
971,971.476
972,972.602
973,972.023
974,974.211
975,975.801
976,975.122
977,976.929
978,978.936
979,978.291
980,979.654
981,981.997
982,981.517
983,982.405
984,984.978
985,984.78
986,985.204
987,987.882
988,988.062
989,988.067
990,990.715
991,991.338
992,991.004
993,993.491
994,994.588
995,994.02
996,996.228
997,997.79
998,997.114
999,998.947
1000,1000.93
1001,1000.28
1002,1001.67
1003,1004
1004,1003.5
1005,1004.42
1006,1006.98
1007,1006.76
1008,1007.22
1009,1009.89
1010,1010.04
1011,1010.07
1012,1012.73
1013,1013.32
1014,1013.01
1015,1015.51
1016,1016.57
1017,1016.02
1018,1018.25
1019,1019.78
1020,1019.11
1021,1020.96
1022,1022.92
1023,1022.27
1024,1023.69
1025,1025.99
1026,1025.49
1027,1026.43
1028,1028.99
1029,1028.75
1030,1029.23
1031,1031.9
1032,1032.03
1033,1032.08
1034,1034.74
1035,1035.3
1036,1035.01
1037,1037.52
1038,1038.56
1039,1038.01
1040,1040.26
1041,1041.77
1042,1041.1
1043,1042.98
1044,1044.92
1045,1044.25
1046,1045.7
1047,1047.99
1048,1047.47
1049,1048.45
1050,1050.99
1051,1050.73
1052,1051.24
1053,1053.91
1054,1054.01
1055,1054.09
1056,1056.75
1057,1057.29
1058,1057.01
1059,1059.54
1060,1060.54
1061,1060.01
1062,1062.28
1063,1063.76
1064,1063.09
1065,1065
1066,1066.91
1067,1066.24
1068,1067.72
1069,1069.99
1070,1069.46
1071,1070.46
1072,1072.99
1073,1072.71
1074,1073.25
1075,1075.91
1076,1075.99
1077,1076.09
1078,1078.76
1079,1079.27
1080,1079.01
1081,1081.55
1082,1082.53
1083,1082.01
1084,1084.3
1085,1085.74
1086,1085.08
1087,1087.02
1088,1088.9
1089,1088.23
1090,1089.74
1091,1091.99
1092,1091.44
1093,1092.48
1094,1094.99
1095,1094.7
1096,1095.26
1097,1097.92
1098,1097.97
1099,1098.1
1100,1100.77
1101,1101.25
1102,1101.01
1103,1103.57
1104,1104.51
1105,1104.01
1106,1106.31
1107,1107.73
1108,1107.08
1109,1109.04
1110,1110.89
1111,1110.22
1112,1111.75
1113,1113.98
1114,1113.43
1115,1114.49
1116,1116.99
1117,1116.68
1118,1117.27
1119,1119.93
1120,1119.96
1121,1120.11
1122,1122.79
1123,1123.24
1124,1123.02
1125,1125.58
1126,1126.5
1127,1126
1128,1128.33
1129,1129.72
1130,1129.07
1131,1131.05
1132,1132.89
1133,1132.21
1134,1133.77
1135,1135.98
1136,1135.41
1137,1136.51
1138,1139
1139,1138.66
1140,1139.29
1141,1141.93
1142,1141.94
1143,1142.12
1144,1144.8
1145,1145.22
1146,1145.02
1147,1147.6
1148,1148.48
1149,1148
1150,1150.35
1151,1151.71
1152,1151.06
1153,1153.07
1154,1154.88
1155,1154.2
1156,1155.79
1157,1157.98
1158,1157.4
1159,1158.52
1160,1161
1161,1160.64
1162,1161.3
1163,1163.94
1164,1163.92
1165,1164.13
1166,1166.81
1167,1167.2
1168,1167.03
1169,1169.61
1170,1170.47
1171,1170
1172,1172.36
1173,1173.7
1174,1173.06
1175,1175.09
1176,1176.87
1177,1176.19
1178,1177.81
1179,1179.97
1180,1179.38
1181,1180.54
1182,1183
1183,1182.63
1184,1183.31
1185,1185.95
1186,1185.9
1187,1186.14
1188,1188.82
1189,1189.18
1190,1189.03
1191,1191.62
1192,1192.45
1193,1192
1194,1194.38
1195,1195.68
1196,1195.05
1197,1197.11
1198,1198.86
1199,1198.18
1200,1199.82
1201,1201.97
1202,1201.37
1203,1202.56
1204,1205
1205,1204.61
1206,1205.32
1207,1207.95
1208,1207.89
1209,1208.14
1210,1210.83
1211,1211.17
1212,1211.03
1213,1213.64
1214,1214.44
1215,1214
1216,1216.4
1217,1217.67
1218,1217.05
1219,1219.12
1220,1220.85
1221,1220.17
1222,1221.84
1223,1223.96
1224,1223.36
1225,1224.57
1226,1227
1227,1226.6
1228,1227.34
1229,1229.96
1230,1229.87
1231,1230.15
1232,1232.84
1233,1233.15
1234,1233.04
1235,1235.65
1236,1236.42
1237,1236
1238,1238.41
1239,1239.66
1240,1239.04
1241,1241.14
1242,1242.84
1243,1242.16
1244,1243.86
1245,1245.96
1246,1245.34
1247,1246.59
1248,1249
1249,1248.58
1250,1249.35
1251,1251.96
1252,1251.85
1253,1252.16
1254,1254.85
1255,1255.13
1256,1255.04
1257,1257.66
1258,1258.4
1259,1258
1260,1260.43
1261,1261.64
1262,1261.04
1263,1263.16
1264,1264.83
1265,1264.15
1266,1265.88
1267,1267.95
1268,1267.33
1269,1268.6
1270,1271
1271,1270.56
1272,1271.36
1273,1273.97
1274,1273.83
1275,1274.17
1276,1276.86
1277,1277.11
1278,1277.05
1279,1279.68
1280,1280.39
1281,1280
1282,1282.44
1283,1283.63
1284,1283.03
1285,1285.18
1286,1286.82
1287,1286.14
1288,1287.89
1289,1289.95
1290,1289.32
1291,1290.62
1292,1293
1293,1292.55
1294,1293.38
1295,1295.97
1296,1295.82
1297,1296.18
1298,1298.86
1299,1299.1
1300,1299.05
1301,1301.69
1302,1302.37
1303,1302
1304,1304.46
1305,1305.62
1306,1305.03
1307,1307.19
1308,1308.81
1309,1308.13
1310,1309.91
1311,1311.94
1312,1311.3
1313,1312.64
1314,1315
1315,1314.53
1316,1315.39
1317,1317.97
1318,1317.8
1319,1318.19
1320,1320.87
1321,1321.08
1322,1321.06
1323,1323.7
1324,1324.35
1325,1324
1326,1326.48
1327,1327.6
1328,1327.02
1329,1329.21
1330,1330.8
1331,1330.12
1332,1331.93
1333,1333.94
1334,1333.29
1335,1334.65
1336,1337
1337,1336.52
1338,1337.41
1339,1339.98
1340,1339.78
1341,1340.2
1342,1342.88
1343,1343.06
1344,1343.07
1345,1345.72
1346,1346.34
1347,1346
1348,1348.49
1349,1349.59
1350,1349.02
1351,1351.23
1352,1352.79
1353,1352.11
1354,1353.95
1355,1355.93
1356,1355.28
1357,1356.67
1358,1359
1359,1358.5
1360,1359.42
1361,1361.98
1362,1361.76
1363,1362.22
1364,1364.89
1365,1365.04
1366,1365.07
1367,1367.73
1368,1368.32
1369,1368.01
1370,1370.51
1371,1371.57
1372,1371.02
1373,1373.25
1374,1374.78
1375,1374.11
1376,1375.96
1377,1377.92
1378,1377.27
1379,1378.69
1380,1380.99
1381,1380.49
1382,1381.43
1383,1383.99
1384,1383.75
1385,1384.23
1386,1386.9
1387,1387.03
1388,1387.08
1389,1389.74
1390,1390.3
1391,1390.01
1392,1392.52
1393,1393.56
1394,1393.01
1395,1395.26
1396,1396.77
1397,1396.1
1398,1397.98
1399,1399.92
1400,1399.25
1401,1400.7
1402,1402.99
1403,1402.47
1404,1403.45
1405,1405.99
1406,1405.73
1407,1406.24
1408,1408.91
1409,1409.01
1410,1409.09
1411,1411.75
1412,1412.29
1413,1412.01
1414,1414.54
1415,1415.54
1416,1415.01
1417,1417.28
1418,1418.76
1419,1418.09
1420,1420
1421,1421.91
1422,1421.24
1423,1422.72
1424,1424.99
1425,1424.46
1426,1425.46
1427,1427.99
1428,1427.71
1429,1428.25
1430,1430.91
1431,1430.99
1432,1431.09
1433,1433.76
1434,1434.27
1435,1434.01
1436,1436.55
1437,1437.53
1438,1437.01
1439,1439.3
1440,1440.74
1441,1440.08
1442,1442.02
1443,1443.9
1444,1443.23
1445,1444.74
1446,1446.99
1447,1446.44
1448,1447.48
1449,1449.99
1450,1449.69
1451,1450.26
1452,1452.92
1453,1452.97
1454,1453.1
1455,1455.77
1456,1456.25
1457,1456.01
1458,1458.57
1459,1459.51
1460,1459.01
1461,1461.31
1462,1462.73
1463,1462.08
1464,1464.04
1465,1465.89
1466,1465.22
1467,1466.75
1468,1468.98
1469,1468.43
1470,1469.49
1471,1471.99
1472,1471.68
1473,1472.27
1474,1474.93
1475,1474.96
1476,1475.11
1477,1477.79
1478,1478.24
1479,1478.02
1480,1480.58
1481,1481.5
1482,1481
1483,1483.33
1484,1484.72
1485,1484.07
1486,1486.05
1487,1487.89
1488,1487.21
1489,1488.77
1490,1490.98
1491,1490.41
1492,1491.51
1493,1494
1494,1493.66
1495,1494.29
1496,1496.93
1497,1496.94
1498,1497.12
1499,1499.8
1500,1500.22
1501,1500.02
1502,1502.6
1503,1503.48
1504,1503
1505,1505.35
1506,1506.71
1507,1506.06
1508,1508.07
1509,1509.88
1510,1509.2
1511,1510.79
1512,1512.98
1513,1512.4
1514,1513.52
1515,1516
1516,1515.64
1517,1516.3
1518,1518.94
1519,1518.92
1520,1519.13
1521,1521.81
1522,1522.2
1523,1522.03
1524,1524.61
1525,1525.47
1526,1525
1527,1527.36
1528,1528.7
1529,1528.06
1530,1530.09
1531,1531.87
1532,1531.19
1533,1532.81
1534,1534.97
1535,1534.38
1536,1535.54
1537,1538
1538,1537.63
1539,1538.31
1540,1540.95
1541,1540.9
1542,1541.14
1543,1543.82
1544,1544.18
1545,1544.03
1546,1546.62
1547,1547.45
1548,1547
1549,1549.38
1550,1550.68
1551,1550.05
1552,1552.11
1553,1553.86
1554,1553.18
1555,1554.82
1556,1556.97
1557,1556.37
1558,1557.56
1559,1560
1560,1559.61
1561,1560.32
1562,1562.95
1563,1562.88
1564,1563.14
1565,1565.83
1566,1566.17
1567,1566.03
1568,1568.64
1569,1569.44
1570,1569
1571,1571.4
1572,1572.67
1573,1572.05
1574,1574.12
1575,1575.85
1576,1575.17
1577,1576.84
1578,1578.96
1579,1578.36
1580,1579.57
1581,1582
1582,1581.6
1583,1582.34
1584,1584.96
1585,1584.87
1586,1585.15
1587,1587.84
1588,1588.15
1589,1588.04
1590,1590.65
1591,1591.42
1592,1591
1593,1593.41
1594,1594.66
1595,1594.04
1596,1596.14
1597,1597.84
1598,1597.16
1599,1598.86
1600,1600.96
1601,1600.34
1602,1601.59
1603,1604
1604,1603.58
1605,1604.35
1606,1606.96
1607,1606.85
1608,1607.16
1609,1609.85
1610,1610.13
1611,1610.04
1612,1612.66
1613,1613.4
1614,1613
1615,1615.43
1616,1616.64
1617,1616.04
1618,1618.16
1619,1619.83
1620,1619.15
1621,1620.88
1622,1622.95
1623,1622.33
1624,1623.6
1625,1626
1626,1625.56
1627,1626.36
1628,1628.97
1629,1628.83
1630,1629.17
1631,1631.86
1632,1632.11
1633,1632.05
1634,1634.68
1635,1635.39
1636,1635
1637,1637.44
1638,1638.63
1639,1638.03
1640,1640.18
1641,1641.82
1642,1641.14
1643,1642.89
1644,1644.95
1645,1644.32
1646,1645.62
1647,1648
1648,1647.55
1649,1648.38
1650,1650.97
1651,1650.81
1652,1651.18
1653,1653.86
1654,1654.1
1655,1654.05
1656,1656.69
1657,1657.37
1658,1657
1659,1659.46
1660,1660.62
1661,1660.03
1662,1662.19
1663,1663.81
1664,1663.13
1665,1664.91
1666,1666.94
1667,1666.3
1668,1667.64
1669,1670
1670,1669.53
1671,1670.39
1672,1672.97
1673,1672.8
1674,1673.19
1675,1675.87
1676,1676.08
1677,1676.06
1678,1678.7
1679,1679.35
1680,1679
1681,1681.48
1682,1682.6
1683,1682.02
1684,1684.21
1685,1685.8
1686,1685.12
1687,1686.93
1688,1688.94
1689,1688.29
1690,1689.65
1691,1692
1692,1691.52
1693,1692.41
1694,1694.98
1695,1694.78
1696,1695.2
1697,1697.88
1698,1698.06
1699,1698.07
1700,1700.72
1701,1701.34
1702,1701
1703,1703.49
1704,1704.59
1705,1704.02
1706,1706.23
1707,1707.79
1708,1707.11
1709,1708.95
1710,1710.93
1711,1710.28
1712,1711.67
1713,1714
1714,1713.5
1715,1714.42
1716,1716.98
1717,1716.76
1718,1717.22
1719,1719.89
1720,1720.04
1721,1720.07
1722,1722.73
1723,1723.32
1724,1723.01
1725,1725.51
1726,1726.57
1727,1726.02
1728,1728.25
1729,1729.78
1730,1729.11
1731,1730.96
1732,1732.92
1733,1732.27
1734,1733.69
1735,1735.99
1736,1735.49
1737,1736.43
1738,1738.99
1739,1738.75
1740,1739.23
1741,1741.9
1742,1742.03
1743,1742.08
1744,1744.74
1745,1745.3
1746,1745.01
1747,1747.52
1748,1748.56
1749,1748.01
1750,1750.26
1751,1751.77
1752,1751.1
1753,1752.98
1754,1754.92
1755,1754.25
1756,1755.7
1757,1757.99
1758,1757.47
1759,1758.45
1760,1760.99
1761,1760.73
1762,1761.24
1763,1763.91
1764,1764.01
1765,1764.09
1766,1766.75
1767,1767.29
1768,1767.01
1769,1769.54
1770,1770.54
1771,1770.01
1772,1772.28
1773,1773.76
1774,1773.09
1775,1775
1776,1776.91
1777,1776.24
1778,1777.72
1779,1779.99
1780,1779.46
1781,1780.46
1782,1782.99
1783,1782.71
1784,1783.25
1785,1785.91
1786,1785.99
1787,1786.09
1788,1788.76
1789,1789.27
1790,1789.01
1791,1791.55
1792,1792.53
1793,1792.01
1794,1794.3
1795,1795.74
1796,1795.08
1797,1797.02
1798,1798.9
1799,1798.23
1800,1799.74
1801,1801.99
1802,1801.44
1803,1802.48
1804,1804.99
1805,1804.69
1806,1805.26
1807,1807.92
1808,1807.97
1809,1808.1
1810,1810.77
1811,1811.25
1812,1811.01
1813,1813.57
1814,1814.51
1815,1814.01
1816,1816.31
1817,1817.73
1818,1817.08
1819,1819.04
1820,1820.89
1821,1820.22
1822,1821.76
1823,1823.98
1824,1823.43
1825,1824.49
1826,1826.99
1827,1826.68
1828,1827.27
1829,1829.93
1830,1829.96
1831,1830.11
1832,1832.79
1833,1833.24
1834,1833.02
1835,1835.58
1836,1836.5
1837,1836
1838,1838.33
1839,1839.72
1840,1839.07
1841,1841.05
1842,1842.89
1843,1842.21
1844,1843.77
1845,1845.98
1846,1845.41
1847,1846.51
1848,1849
1849,1848.66
1850,1849.29
1851,1851.93
1852,1851.94
1853,1852.12
1854,1854.8
1855,1855.22
1856,1855.02
1857,1857.6
1858,1858.48
1859,1858
1860,1860.35
1861,1861.71
1862,1861.06
1863,1863.07
1864,1864.88
1865,1864.2
1866,1865.79
1867,1867.98
1868,1867.4
1869,1868.52
1870,1871
1871,1870.64
1872,1871.3
1873,1873.94
1874,1873.92
1875,1874.13
1876,1876.81
1877,1877.2
1878,1877.03
1879,1879.61
1880,1880.47
1881,1880
1882,1882.36
1883,1883.7
1884,1883.06
1885,1885.09
1886,1886.87
1887,1886.19
1888,1887.81
1889,1889.97
1890,1889.38
1891,1890.54
1892,1893
1893,1892.63
1894,1893.31
1895,1895.95
1896,1895.9
1897,1896.14
1898,1898.82
1899,1899.18
1900,1899.03
1901,1901.62
1902,1902.45
1903,1902
1904,1904.38
1905,1905.68
1906,1905.05
1907,1907.11
1908,1908.86
1909,1908.18
1910,1909.82
1911,1911.97
1912,1911.37
1913,1912.56
1914,1915
1915,1914.61
1916,1915.32
1917,1917.95
1918,1917.88
1919,1918.14
1920,1920.83
1921,1921.17
1922,1921.03
1923,1923.64
1924,1924.44
1925,1924
1926,1926.4
1927,1927.67
1928,1927.05
1929,1929.12
1930,1930.85
1931,1930.17
1932,1931.84
1933,1933.96
1934,1933.36
1935,1934.57
1936,1937
1937,1936.6
1938,1937.34
1939,1939.96
1940,1939.87
1941,1940.15
1942,1942.84
1943,1943.15
1944,1943.04
1945,1945.65
1946,1946.42
1947,1946
1948,1948.41
1949,1949.66
1950,1949.04
1951,1951.14
1952,1952.84
1953,1952.16
1954,1953.86
1955,1955.96
1956,1955.34
1957,1956.59
1958,1959
1959,1958.58
1960,1959.35
1961,1961.96
1962,1961.85
1963,1962.16
1964,1964.85
1965,1965.13
1966,1965.04
1967,1967.66
1968,1968.4
1969,1968
1970,1970.43
1971,1971.64
1972,1971.04
1973,1973.16
1974,1974.83
1975,1974.15
1976,1975.88
1977,1977.95
1978,1977.33
1979,1978.6
1980,1981
1981,1980.56
1982,1981.36
1983,1983.97
1984,1983.83
1985,1984.17
1986,1986.86
1987,1987.11
1988,1987.05
1989,1989.68
1990,1990.39
1991,1990
1992,1992.44
1993,1993.63
1994,1993.03
1995,1995.18
1996,1996.82
1997,1996.14
1998,1997.89
1999,1999.95
2000,1999.32
2001,2000.62
2002,2003
2003,2002.55
2004,2003.38
2005,2005.97
2006,2005.81
2007,2006.18
2008,2008.86
2009,2009.1
2010,2009.05
2011,2011.69
2012,2012.37
2013,2012
2014,2014.46
2015,2015.62
2016,2015.03
2017,2017.19
2018,2018.81
2019,2018.13
2020,2019.91
2021,2021.94
2022,2021.3
2023,2022.64
2024,2025
2025,2024.53
2026,2025.39
2027,2027.97
2028,2027.8
2029,2028.19
2030,2030.87
2031,2031.08
2032,2031.06
2033,2033.7
2034,2034.35
2035,2034
2036,2036.48
2037,2037.6
2038,2037.02
2039,2039.21
2040,2040.8
2041,2040.12
2042,2041.93
2043,2043.94
2044,2043.29
2045,2044.65
2046,2047
2047,2046.52
2048,2047.41
2049,2049.98
2050,2049.78
2051,2050.2
2052,2052.88
2053,2053.06
2054,2053.07
2055,2055.72
2056,2056.34
2057,2056
2058,2058.49
2059,2059.59
2060,2059.02
2061,2061.23
2062,2062.79
2063,2062.11
2064,2063.95
2065,2065.93
2066,2065.28
2067,2066.67
2068,2069
2069,2068.5
2070,2069.42
2071,2071.98
2072,2071.76
2073,2072.22
2074,2074.89
2075,2075.04
2076,2075.07
2077,2077.73
2078,2078.32
2079,2078.01
2080,2080.51
2081,2081.57
2082,2081.02
2083,2083.25
2084,2084.78
2085,2084.11
2086,2085.96
2087,2087.92
2088,2087.27
2089,2088.69
2090,2090.99
2091,2090.49
2092,2091.43
2093,2093.99
2094,2093.75
2095,2094.23
2096,2096.9
2097,2097.03
2098,2097.08
2099,2099.74
2100,2100.3
2101,2100.01
2102,2102.52
2103,2103.56
2104,2103.01
2105,2105.26
2106,2106.77
2107,2106.1
2108,2107.98
2109,2109.92
2110,2109.25
2111,2110.7
2112,2112.99
2113,2112.47
2114,2113.45
2115,2115.99
2116,2115.73
2117,2116.24
2118,2118.91
2119,2119.01
2120,2119.09
2121,2121.75
2122,2122.29
2123,2122.01
2124,2124.54
2125,2125.54
2126,2125.01
2127,2127.28
2128,2128.76
2129,2128.09
2130,2130
2131,2131.91
2132,2131.24
2133,2132.72
2134,2134.99
2135,2134.46
2136,2135.46
2137,2137.99
2138,2137.71
2139,2138.25
2140,2140.91
2141,2140.99
2142,2141.09
2143,2143.76
2144,2144.27
2145,2144.01
2146,2146.55
2147,2147.53
2148,2147.01
2149,2149.3
2150,2150.74
2151,2150.08
2152,2152.02
2153,2153.9
2154,2153.23
2155,2154.74
2156,2156.99
2157,2156.44
2158,2157.48
2159,2159.99
2160,2159.69
2161,2160.26
2162,2162.92
2163,2162.97
2164,2163.1
2165,2165.77
2166,2166.25
2167,2166.01
2168,2168.57
2169,2169.51
2170,2169.01
2171,2171.31
2172,2172.73
2173,2172.08
2174,2174.04
2175,2175.89
2176,2175.22
2177,2176.76
2178,2178.98
2179,2178.43
2180,2179.49
2181,2181.99
2182,2181.68
2183,2182.27
2184,2184.93
2185,2184.96
2186,2185.11
2187,2187.79
2188,2188.24
2189,2188.02
2190,2190.58
2191,2191.5
2192,2191
2193,2193.33
2194,2194.72
2195,2194.07
2196,2196.05
2197,2197.89
2198,2197.21
2199,2198.77
2200,2200.98
2201,2200.41
2202,2201.51
2203,2204
2204,2203.66
2205,2204.29
2206,2206.93
2207,2206.94
2208,2207.12
2209,2209.8
2210,2210.22
2211,2210.02
2212,2212.6
2213,2213.48
2214,2213
2215,2215.35
2216,2216.71
2217,2216.06
2218,2218.07
2219,2219.88
2220,2219.2
2221,2220.79
2222,2222.98
2223,2222.4
2224,2223.52
2225,2226
2226,2225.64
2227,2226.3
2228,2228.94
2229,2228.92
2230,2229.13
2231,2231.81
2232,2232.2
2233,2232.03
2234,2234.61
2235,2235.47
2236,2235
2237,2237.36
2238,2238.7
2239,2238.06
2240,2240.09
2241,2241.87
2242,2241.19
2243,2242.81
2244,2244.97
2245,2244.38
2246,2245.54
2247,2248
2248,2247.63
2249,2248.31
2250,2250.95
2251,2250.9
2252,2251.14
2253,2253.82
2254,2254.18
2255,2254.03
2256,2256.62
2257,2257.45
2258,2257
2259,2259.38
2260,2260.68
2261,2260.05
2262,2262.11
2263,2263.86
2264,2263.18
2265,2264.82
2266,2266.97
2267,2266.37
2268,2267.56
2269,2270
2270,2269.61
2271,2270.32
2272,2272.95
2273,2272.88
2274,2273.14
2275,2275.83
2276,2276.17
2277,2276.03
2278,2278.64
2279,2279.44
2280,2279
2281,2281.4
2282,2282.67
2283,2282.05
2284,2284.12
2285,2285.85
2286,2285.17
2287,2286.84
2288,2288.96
2289,2288.36
2290,2289.57
2291,2292
2292,2291.6
2293,2292.34
2294,2294.96
2295,2294.87
2296,2295.15
2297,2297.84
2298,2298.15
2299,2298.04
2300,2300.65
2301,2301.42
2302,2301
2303,2303.41
2304,2304.66
2305,2304.04
2306,2306.14
2307,2307.84
2308,2307.16
2309,2308.86
2310,2310.96
2311,2310.34
2312,2311.59
2313,2314
2314,2313.58
2315,2314.35
2316,2316.96
2317,2316.85
2318,2317.16
2319,2319.85
2320,2320.13
2321,2320.04
2322,2322.66
2323,2323.4
2324,2323
2325,2325.43
2326,2326.64
2327,2326.04
2328,2328.16
2329,2329.83
2330,2329.15
2331,2330.88
2332,2332.95
2333,2332.33
2334,2333.6
2335,2336
2336,2335.56
2337,2336.36
2338,2338.97
2339,2338.83
2340,2339.17
2341,2341.86
2342,2342.11
2343,2342.05
2344,2344.68
2345,2345.39
2346,2345
2347,2347.44
2348,2348.63
2349,2348.03
2350,2350.18
2351,2351.82
2352,2351.14
2353,2352.89
2354,2354.95
2355,2354.32
2356,2355.62
2357,2358
2358,2357.55
2359,2358.38
2360,2360.97
2361,2360.81
2362,2361.18
2363,2363.86
2364,2364.1
2365,2364.05
2366,2366.69
2367,2367.37
2368,2367
2369,2369.46
2370,2370.62
2371,2370.03
2372,2372.19
2373,2373.81
2374,2373.13
2375,2374.91
2376,2376.94
2377,2376.3
2378,2377.64
2379,2380
2380,2379.53
2381,2380.39
2382,2382.97
2383,2382.8
2384,2383.19
2385,2385.87
2386,2386.08
2387,2386.06
2388,2388.7
2389,2389.35
2390,2389
2391,2391.48
2392,2392.6
2393,2392.02
2394,2394.21
2395,2395.8
2396,2395.12
2397,2396.93
2398,2398.94
2399,2398.29
2400,2399.65
2401,2402
2402,2401.52
2403,2402.41
2404,2404.98
2405,2404.78
2406,2405.2
2407,2407.88
2408,2408.06
2409,2408.07
2410,2410.72
2411,2411.34
2412,2411
2413,2413.49
2414,2414.59
2415,2414.02
2416,2416.23
2417,2417.79
2418,2417.11
2419,2418.95
2420,2420.93
2421,2420.28
2422,2421.67
2423,2424
2424,2423.5
2425,2424.42
2426,2426.98
2427,2426.76
2428,2427.22
2429,2429.89
2430,2430.04
2431,2430.07
2432,2432.73
2433,2433.32
2434,2433.01
2435,2435.51
2436,2436.57
2437,2436.02
2438,2438.25
2439,2439.78
2440,2439.11
2441,2440.97
2442,2442.92
2443,2442.27
2444,2443.69
2445,2445.99
2446,2445.49
2447,2446.43
2448,2448.99
2449,2448.75
2450,2449.23
2451,2451.9
2452,2452.03
2453,2452.08
2454,2454.74
2455,2455.3
2456,2455.01
2457,2457.52
2458,2458.56
2459,2458.01
2460,2460.26
2461,2461.77
2462,2461.1
2463,2462.98
2464,2464.92
2465,2464.25
2466,2465.7
2467,2467.99
2468,2467.47
2469,2468.45
2470,2470.99
2471,2470.73
2472,2471.24
2473,2473.91
2474,2474.01
2475,2474.09
2476,2476.75
2477,2477.29
2478,2477.01
2479,2479.54
2480,2480.54
2481,2480.01
2482,2482.28
2483,2483.76
2484,2483.09
2485,2485
2486,2486.91
2487,2486.24
2488,2487.72
2489,2489.99
2490,2489.46
2491,2490.46
2492,2492.99
2493,2492.71
2494,2493.25
2495,2495.91
2496,2495.99
2497,2496.09
2498,2498.76
2499,2499.27
2500,2499.01
2501,2501.55
2502,2502.53
2503,2502.01
2504,2504.3
2505,2505.74
2506,2505.08
2507,2507.02
2508,2508.9
2509,2508.23
2510,2509.74
2511,2511.99
2512,2511.44
2513,2512.48
2514,2514.99
2515,2514.69
2516,2515.26
2517,2517.92
2518,2517.97
2519,2518.1
2520,2520.77
2521,2521.25
2522,2521.01
2523,2523.57
2524,2524.51
2525,2524.01
2526,2526.31
2527,2527.73
2528,2527.08
2529,2529.04
2530,2530.89
2531,2530.22
2532,2531.76
2533,2533.98
2534,2533.43
2535,2534.49
2536,2536.99
2537,2536.68
2538,2537.27
2539,2539.93
2540,2539.96
2541,2540.11
2542,2542.79
2543,2543.24
2544,2543.02
2545,2545.58
2546,2546.5
2547,2546
2548,2548.33
2549,2549.72
2550,2549.07
2551,2551.05
2552,2552.89
2553,2552.21
2554,2553.77
2555,2555.98
2556,2555.41
2557,2556.51
2558,2559
2559,2558.66
2560,2559.29
2561,2561.93
2562,2561.94
2563,2562.12
2564,2564.8
2565,2565.22
2566,2565.02
2567,2567.6
2568,2568.48
2569,2568
2570,2570.35
2571,2571.71
2572,2571.06
2573,2573.07
2574,2574.88
2575,2574.2
2576,2575.79
2577,2577.98
2578,2577.4
2579,2578.52
2580,2581
2581,2580.64
2582,2581.3
2583,2583.94
2584,2583.92
2585,2584.13
2586,2586.81
2587,2587.2
2588,2587.03
2589,2589.61
2590,2590.47
2591,2590
2592,2592.36
2593,2593.7
2594,2593.06
2595,2595.09
2596,2596.87
2597,2596.19
2598,2597.81
2599,2599.97
2600,2599.38
2601,2600.54
2602,2603
2603,2602.63
2604,2603.31
2605,2605.95
2606,2605.9
2607,2606.14
2608,2608.82
2609,2609.18
2610,2609.03
2611,2611.62
2612,2612.45
2613,2612
2614,2614.38
2615,2615.68
2616,2615.05
2617,2617.11
2618,2618.86
2619,2618.18
2620,2619.82
2621,2621.97
2622,2621.37
2623,2622.56
2624,2625
2625,2624.61
2626,2625.32
2627,2627.95
2628,2627.88
2629,2628.14
2630,2630.83
2631,2631.17
2632,2631.03
2633,2633.64
2634,2634.44
2635,2634
2636,2636.4
2637,2637.67
2638,2637.05
2639,2639.12
2640,2640.85
2641,2640.17
2642,2641.84
2643,2643.96
2644,2643.36
2645,2644.57
2646,2647
2647,2646.6
2648,2647.34
2649,2649.96
2650,2649.87
2651,2650.15
2652,2652.84
2653,2653.15
2654,2653.04
2655,2655.65
2656,2656.42
2657,2656
2658,2658.41
2659,2659.66
2660,2659.04
2661,2661.14
2662,2662.84
2663,2662.16
2664,2663.86
2665,2665.96
2666,2665.34
2667,2666.59
2668,2669
2669,2668.58
2670,2669.35
2671,2671.96
2672,2671.85
2673,2672.16
2674,2674.85
2675,2675.13
2676,2675.04
2677,2677.66
2678,2678.4
2679,2678
2680,2680.43
2681,2681.64
2682,2681.04
2683,2683.16
2684,2684.83
2685,2684.15
2686,2685.88
2687,2687.95
2688,2687.33
2689,2688.6
2690,2691
2691,2690.56
2692,2691.36
2693,2693.97
2694,2693.83
2695,2694.17
2696,2696.86
2697,2697.11
2698,2697.05
2699,2699.68
2700,2700.39
2701,2700
2702,2702.44
2703,2703.63
2704,2703.03
2705,2705.18
2706,2706.82
2707,2706.14
2708,2707.89
2709,2709.95
2710,2709.32
2711,2710.62
2712,2713
2713,2712.55
2714,2713.38
2715,2715.97
2716,2715.81
2717,2716.18
2718,2718.86
2719,2719.1
2720,2719.05
2721,2721.69
2722,2722.37
2723,2722
2724,2724.46
2725,2725.62
2726,2725.03
2727,2727.19
2728,2728.81
2729,2728.13
2730,2729.91
2731,2731.94
2732,2731.3
2733,2732.64
2734,2735
2735,2734.53
2736,2735.39
2737,2737.97
2738,2737.8
2739,2738.19
2740,2740.87
2741,2741.08
2742,2741.06
2743,2743.7
2744,2744.35
2745,2744
2746,2746.48
2747,2747.6
2748,2747.02
2749,2749.21
2750,2750.8
2751,2750.12
2752,2751.93
2753,2753.94
2754,2753.29
2755,2754.65
2756,2757
2757,2756.52
2758,2757.41
2759,2759.98
2760,2759.78
2761,2760.2
2762,2762.88
2763,2763.06
2764,2763.07
2765,2765.72
2766,2766.34
2767,2766
2768,2768.49
2769,2769.59
2770,2769.02
2771,2771.23
2772,2772.79
2773,2772.11
2774,2773.95
2775,2775.93
2776,2775.28
2777,2776.67
2778,2779
2779,2778.5
2780,2779.42
2781,2781.98
2782,2781.76
2783,2782.22
2784,2784.89
2785,2785.04
2786,2785.07
2787,2787.73
2788,2788.32
2789,2788.01
2790,2790.51
2791,2791.57
2792,2791.02
2793,2793.25
2794,2794.78
2795,2794.11
2796,2795.97
2797,2797.92
2798,2797.27
2799,2798.69
2800,2800.99
2801,2800.49
2802,2801.43
2803,2803.99
2804,2803.75
2805,2804.23
2806,2806.9
2807,2807.03
2808,2807.08
2809,2809.74
2810,2810.3
2811,2810.01
2812,2812.52
2813,2813.56
2814,2813.01
2815,2815.26
2816,2816.77
2817,2816.1
2818,2817.98
2819,2819.92
2820,2819.25
2821,2820.7
2822,2822.99
2823,2822.47
2824,2823.45
2825,2825.99
2826,2825.73
2827,2826.24
2828,2828.91
2829,2829.01
2830,2829.09
2831,2831.75
2832,2832.29
2833,2832.01
2834,2834.54
2835,2835.54
2836,2835.01
2837,2837.28
2838,2838.76
2839,2838.09
2840,2840
2841,2841.91
2842,2841.24
2843,2842.72
2844,2844.99
2845,2844.46
2846,2845.46
2847,2847.99
2848,2847.71
2849,2848.25
2850,2850.91
2851,2850.99
2852,2851.09
2853,2853.76
2854,2854.27
2855,2854.01
2856,2856.55
2857,2857.53
2858,2857.01
2859,2859.3
2860,2860.74
2861,2860.08
2862,2862.02
2863,2863.9
2864,2863.23
2865,2864.74
2866,2866.99
2867,2866.44
2868,2867.48
2869,2869.99
2870,2869.69
2871,2870.26
2872,2872.92
2873,2872.97
2874,2873.1
2875,2875.77
2876,2876.25
2877,2876.01
2878,2878.57
2879,2879.51
2880,2879.01
2881,2881.31
2882,2882.73
2883,2882.08
2884,2884.04
2885,2885.89
2886,2885.22
2887,2886.76
2888,2888.98
2889,2888.43
2890,2889.49
2891,2891.99
2892,2891.68
2893,2892.27
2894,2894.93
2895,2894.96
2896,2895.11
2897,2897.79
2898,2898.24
2899,2898.02
2900,2900.58
2901,2901.5
2902,2901
2903,2903.33
2904,2904.72
2905,2904.07
2906,2906.05
2907,2907.89
2908,2907.21
2909,2908.77
2910,2910.98
2911,2910.41
2912,2911.51
2913,2914
2914,2913.66
2915,2914.29
2916,2916.93
2917,2916.94
2918,2917.12
2919,2919.8
2920,2920.22
2921,2920.02
2922,2922.6
2923,2923.48
2924,2923
2925,2925.35
2926,2926.71
2927,2926.06
2928,2928.07
2929,2929.88
2930,2929.2
2931,2930.79
2932,2932.98
2933,2932.4
2934,2933.52
2935,2936
2936,2935.64
2937,2936.3
2938,2938.94
2939,2938.92
2940,2939.13
2941,2941.81
2942,2942.2
2943,2942.03
2944,2944.61
2945,2945.47
2946,2945
2947,2947.36
2948,2948.7
2949,2948.06
2950,2950.09
2951,2951.87
2952,2951.19
2953,2952.81
2954,2954.97
2955,2954.38
2956,2955.54
2957,2958
2958,2957.63
2959,2958.31
2960,2960.95
2961,2960.9
2962,2961.14
2963,2963.82
2964,2964.18
2965,2964.03
2966,2966.62
2967,2967.45
2968,2967
2969,2969.38
2970,2970.68
2971,2970.05
2972,2972.11
2973,2973.86
2974,2973.18
2975,2974.82
2976,2976.97
2977,2976.37
2978,2977.56
2979,2980
2980,2979.61
2981,2980.32
2982,2982.95
2983,2982.88
2984,2983.14
2985,2985.83
2986,2986.17
2987,2986.03
2988,2988.64
2989,2989.44
2990,2989
2991,2991.4
2992,2992.67
2993,2992.05
2994,2994.12
2995,2995.85
2996,2995.17
2997,2996.84
2998,2998.96
2999,2998.36
3000,2999.57
3001,3002
3002,3001.6
3003,3002.34
3004,3004.96
3005,3004.87
3006,3005.15
3007,3007.84
3008,3008.15
3009,3008.04
3010,3010.65
3011,3011.42
3012,3011
3013,3013.41
3014,3014.66
3015,3014.04
3016,3016.14
3017,3017.84
3018,3017.16
3019,3018.86
3020,3020.96
3021,3020.34
3022,3021.59
3023,3024
3024,3023.58
3025,3024.35
3026,3026.96
3027,3026.85
3028,3027.16
3029,3029.85
3030,3030.13
3031,3030.04
3032,3032.66
3033,3033.4
3034,3033
3035,3035.43
3036,3036.64
3037,3036.04
3038,3038.16
3039,3039.83
3040,3039.15
3041,3040.88
3042,3042.95
3043,3042.33
3044,3043.6
3045,3046
3046,3045.56
3047,3046.36
3048,3048.97
3049,3048.83
3050,3049.17
3051,3051.86
3052,3052.11
3053,3052.05
3054,3054.68
3055,3055.39
3056,3055
3057,3057.44
3058,3058.63
3059,3058.03
3060,3060.18
3061,3061.82
3062,3061.14
3063,3062.89
3064,3064.95
3065,3064.32
3066,3065.62
3067,3068
3068,3067.55
3069,3068.38
3070,3070.97
3071,3070.81
3072,3071.18
3073,3073.86
3074,3074.1
3075,3074.05
3076,3076.69
3077,3077.37
3078,3077
3079,3079.46
3080,3080.62
3081,3080.03
3082,3082.19
3083,3083.81
3084,3083.13
3085,3084.91
3086,3086.94
3087,3086.3
3088,3087.64
3089,3090
3090,3089.53
3091,3090.39
3092,3092.97
3093,3092.8
3094,3093.19
3095,3095.87
3096,3096.08
3097,3096.06
3098,3098.7
3099,3099.35
3100,3099
3101,3101.48
3102,3102.6
3103,3102.02
3104,3104.21
3105,3105.8
3106,3105.12
3107,3106.93
3108,3108.94
3109,3108.29
3110,3109.65
3111,3112
3112,3111.52
3113,3112.41
3114,3114.98
3115,3114.78
3116,3115.2
3117,3117.88
3118,3118.06
3119,3118.07
3120,3120.72
3121,3121.34
3122,3121
3123,3123.49
3124,3124.59
3125,3124.02
3126,3126.23
3127,3127.79
3128,3127.11
3129,3128.95
3130,3130.93
3131,3130.28
3132,3131.67
3133,3134
3134,3133.5
3135,3134.42
3136,3136.98
3137,3136.76
3138,3137.22
3139,3139.89
3140,3140.04
3141,3140.07
3142,3142.73
3143,3143.32
3144,3143.01
3145,3145.51
3146,3146.57
3147,3146.02
3148,3148.25
3149,3149.78
3150,3149.11
3151,3150.97
3152,3152.92
3153,3152.27
3154,3153.69
3155,3155.99
3156,3155.49
3157,3156.43
3158,3158.99
3159,3158.75
3160,3159.23
3161,3161.9
3162,3162.03
3163,3162.08
3164,3164.74
3165,3165.3
3166,3165.01
3167,3167.52
3168,3168.56
3169,3168.01
3170,3170.26
3171,3171.77
3172,3171.1
3173,3172.98
3174,3174.92
3175,3174.25
3176,3175.7
3177,3177.99
3178,3177.47
3179,3178.45
3180,3180.99
3181,3180.73
3182,3181.24
3183,3183.91
3184,3184.01
3185,3184.09
3186,3186.75
3187,3187.29
3188,3187.01
3189,3189.54
3190,3190.54
3191,3190.01
3192,3192.28
3193,3193.76
3194,3193.09
3195,3195
3196,3196.91
3197,3196.24
3198,3197.72
3199,3199.99
3200,3199.46
3201,3200.46
3202,3202.99
3203,3202.71
3204,3203.25
3205,3205.91
3206,3205.99
3207,3206.09
3208,3208.76
3209,3209.27
3210,3209.01
3211,3211.55
3212,3212.53
3213,3212.01
3214,3214.3
3215,3215.74
3216,3215.08
3217,3217.02
3218,3218.9
3219,3218.23
3220,3219.74
3221,3221.99
3222,3221.44
3223,3222.48
3224,3224.99
3225,3224.69
3226,3225.26
3227,3227.92
3228,3227.97
3229,3228.1
3230,3230.77
3231,3231.25
3232,3231.01
3233,3233.57
3234,3234.51
3235,3234.01
3236,3236.31
3237,3237.73
3238,3237.08
3239,3239.04
3240,3240.89
3241,3240.22
3242,3241.76
3243,3243.98
3244,3243.43
3245,3244.49
3246,3246.99
3247,3246.68
3248,3247.27
3249,3249.93
3250,3249.96
3251,3250.11
3252,3252.79
3253,3253.24
3254,3253.02
3255,3255.58
3256,3256.5
3257,3256
3258,3258.33
3259,3259.72
3260,3259.07
3261,3261.05
3262,3262.89
3263,3262.21
3264,3263.77
3265,3265.98
3266,3265.41
3267,3266.51
3268,3269
3269,3268.66
3270,3269.29
3271,3271.93
3272,3271.94
3273,3272.12
3274,3274.8
3275,3275.22
3276,3275.02
3277,3277.6
3278,3278.48
3279,3278
3280,3280.35
3281,3281.71
3282,3281.06
3283,3283.07
3284,3284.88
3285,3284.2
3286,3285.79
3287,3287.98
3288,3287.4
3289,3288.52
3290,3291
3291,3290.64
3292,3291.3
3293,3293.94
3294,3293.92
3295,3294.13
3296,3296.81
3297,3297.2
3298,3297.03
3299,3299.61
3300,3300.47
3301,3300
3302,3302.36
3303,3303.7
3304,3303.06
3305,3305.09
3306,3306.87
3307,3306.19
3308,3307.81
3309,3309.97
3310,3309.38
3311,3310.54
3312,3313
3313,3312.63
3314,3313.31
3315,3315.95
3316,3315.9
3317,3316.14
3318,3318.82
3319,3319.18
3320,3319.03
3321,3321.62
3322,3322.45
3323,3322
3324,3324.38
3325,3325.68
3326,3325.05
3327,3327.11
3328,3328.86
3329,3328.18
3330,3329.82
3331,3331.97
3332,3331.37
3333,3332.56
3334,3335
3335,3334.61
3336,3335.32
3337,3337.95
3338,3337.88
3339,3338.14
3340,3340.83
3341,3341.17
3342,3341.03
3343,3343.64
3344,3344.44
3345,3344
3346,3346.4
3347,3347.67
3348,3347.05
3349,3349.12
3350,3350.85
3351,3350.17
3352,3351.84
3353,3353.96
3354,3353.36
3355,3354.57
3356,3357
3357,3356.6
3358,3357.34
3359,3359.96
3360,3359.87
3361,3360.15
3362,3362.84
3363,3363.15
3364,3363.04
3365,3365.65
3366,3366.42
3367,3366
3368,3368.41
3369,3369.66
3370,3369.04
3371,3371.14
3372,3372.84
3373,3372.16
3374,3373.86
3375,3375.96
3376,3375.34
3377,3376.59
3378,3379
3379,3378.58
3380,3379.35
3381,3381.96
3382,3381.85
3383,3382.16
3384,3384.85
3385,3385.13
3386,3385.04
3387,3387.66
3388,3388.4
3389,3388
3390,3390.43
3391,3391.64
3392,3391.04
3393,3393.16
3394,3394.83
3395,3394.15
3396,3395.88
3397,3397.95
3398,3397.33
3399,3398.6
3400,3401
3401,3400.56
3402,3401.36
3403,3403.97
3404,3403.83
3405,3404.17
3406,3406.86
3407,3407.11
3408,3407.05
3409,3409.68
3410,3410.39
3411,3410
3412,3412.44
3413,3413.63
3414,3413.03
3415,3415.18
3416,3416.82
3417,3416.14
3418,3417.89
3419,3419.95
3420,3419.32
3421,3420.62
3422,3423
3423,3422.55
3424,3423.38
3425,3425.97
3426,3425.81
3427,3426.18
3428,3428.86
3429,3429.1
3430,3429.05
3431,3431.69
3432,3432.37
3433,3432
3434,3434.46
3435,3435.62
3436,3435.03
3437,3437.19
3438,3438.81
3439,3438.13
3440,3439.91
3441,3441.94
3442,3441.3
3443,3442.64
3444,3445
3445,3444.53
3446,3445.39
3447,3447.97
3448,3447.8
3449,3448.19
3450,3450.87
3451,3451.08
3452,3451.06
3453,3453.7
3454,3454.35
3455,3454
3456,3456.48
3457,3457.6
3458,3457.02
3459,3459.21
3460,3460.8
3461,3460.12
3462,3461.93
3463,3463.94
3464,3463.29
3465,3464.65
3466,3467
3467,3466.52
3468,3467.41
3469,3469.98
3470,3469.78
3471,3470.2
3472,3472.88
3473,3473.06
3474,3473.07
3475,3475.72
3476,3476.34
3477,3476
3478,3478.49
3479,3479.59
3480,3479.02
3481,3481.23
3482,3482.79
3483,3482.11
3484,3483.95
3485,3485.93
3486,3485.28
3487,3486.67
3488,3489
3489,3488.5
3490,3489.42
3491,3491.98
3492,3491.76
3493,3492.22
3494,3494.89
3495,3495.04
3496,3495.07
3497,3497.73
3498,3498.32
3499,3498.01
3500,3500.51
3501,3501.57
3502,3501.02
3503,3503.25
3504,3504.78
3505,3504.11
3506,3505.97
3507,3507.92
3508,3507.27
3509,3508.69
3510,3510.99
3511,3510.49
3512,3511.43
3513,3513.99
3514,3513.75
3515,3514.23
3516,3516.9
3517,3517.03
3518,3517.08
3519,3519.74
3520,3520.3
3521,3520.01
3522,3522.52
3523,3523.56
3524,3523.01
3525,3525.26
3526,3526.77
3527,3526.1
3528,3527.98
3529,3529.92
3530,3529.25
3531,3530.7
3532,3532.99
3533,3532.47
3534,3533.45
3535,3535.99
3536,3535.73
3537,3536.24
3538,3538.91
3539,3539.01
3540,3539.09
3541,3541.75
3542,3542.29
3543,3542.01
3544,3544.54
3545,3545.54
3546,3545.01
3547,3547.28
3548,3548.76
3549,3548.09
3550,3550
3551,3551.91
3552,3551.24
3553,3552.72
3554,3554.99
3555,3554.46
3556,3555.46
3557,3557.99
3558,3557.71
3559,3558.25
3560,3560.91
3561,3560.99
3562,3561.09
3563,3563.76
3564,3564.27
3565,3564.01
3566,3566.55
3567,3567.53
3568,3567.01
3569,3569.3
3570,3570.74
3571,3570.08
3572,3572.02
3573,3573.9
3574,3573.23
3575,3574.74
3576,3576.99
3577,3576.44
3578,3577.48
3579,3579.99
3580,3579.69
3581,3580.26
3582,3582.92
3583,3582.97
3584,3583.1
3585,3585.77
3586,3586.25
3587,3586.01
3588,3588.57
3589,3589.51
3590,3589.01
3591,3591.31
3592,3592.73
3593,3592.08
3594,3594.04
3595,3595.89
3596,3595.22
3597,3596.76
3598,3598.98
3599,3598.43
3600,3599.49
3601,3601.99
3602,3601.68
3603,3602.27
3604,3604.93
3605,3604.96
3606,3605.11
3607,3607.79
3608,3608.24
3609,3608.02
3610,3610.58
3611,3611.5
3612,3611
3613,3613.33
3614,3614.72
3615,3614.07
3616,3616.05
3617,3617.89
3618,3617.21
3619,3618.77
3620,3620.98
3621,3620.41
3622,3621.51
3623,3624
3624,3623.66
3625,3624.29
3626,3626.93
3627,3626.94
3628,3627.12
3629,3629.8
3630,3630.22
3631,3630.02
3632,3632.6
3633,3633.48
3634,3633
3635,3635.35
3636,3636.71
3637,3636.06
3638,3638.07
3639,3639.88
3640,3639.2
3641,3640.79
3642,3642.98
3643,3642.4
3644,3643.53
3645,3646
3646,3645.64
3647,3646.3
3648,3648.94
3649,3648.92
3650,3649.13
3651,3651.81
3652,3652.2
3653,3652.03
3654,3654.61
3655,3655.47
3656,3655
3657,3657.36
3658,3658.7
3659,3658.06
3660,3660.09
3661,3661.87
3662,3661.19
3663,3662.81
3664,3664.97
3665,3664.38
3666,3665.54
3667,3668
3668,3667.63
3669,3668.31
3670,3670.95
3671,3670.9
3672,3671.14
3673,3673.82
3674,3674.18
3675,3674.03
3676,3676.62
3677,3677.45
3678,3677
3679,3679.38
3680,3680.68
3681,3680.05
3682,3682.11
3683,3683.86
3684,3683.18
3685,3684.82
3686,3686.97
3687,3686.37
3688,3687.56
3689,3690
3690,3689.61
3691,3690.32
3692,3692.95
3693,3692.88
3694,3693.14
3695,3695.83
3696,3696.17
3697,3696.03
3698,3698.64
3699,3699.44
3700,3699
3701,3701.4
3702,3702.67
3703,3702.05
3704,3704.12
3705,3705.85
3706,3705.17
3707,3706.84
3708,3708.96
3709,3708.36
3710,3709.57
3711,3712
3712,3711.6
3713,3712.34
3714,3714.96
3715,3714.87
3716,3715.15
3717,3717.84
3718,3718.15
3719,3718.04
3720,3720.65
3721,3721.42
3722,3721
3723,3723.41
3724,3724.66
3725,3724.04
3726,3726.14
3727,3727.84
3728,3727.16
3729,3728.86
3730,3730.96
3731,3730.34
3732,3731.59
3733,3734
3734,3733.58
3735,3734.35
3736,3736.96
3737,3736.85
3738,3737.16
3739,3739.85
3740,3740.13
3741,3740.04
3742,3742.66
3743,3743.4
3744,3743
3745,3745.43
3746,3746.64
3747,3746.04
3748,3748.16
3749,3749.83
3750,3749.15
3751,3750.88
3752,3752.95
3753,3752.33
3754,3753.6
3755,3756
3756,3755.56
3757,3756.36
3758,3758.97
3759,3758.83
3760,3759.17
3761,3761.86
3762,3762.11
3763,3762.05
3764,3764.68
3765,3765.39
3766,3765
3767,3767.44
3768,3768.63
3769,3768.03
3770,3770.18
3771,3771.82
3772,3771.14
3773,3772.89
3774,3774.95
3775,3774.32
3776,3775.62
3777,3778
3778,3777.55
3779,3778.38
3780,3780.97
3781,3780.81
3782,3781.18
3783,3783.86
3784,3784.1
3785,3784.05
3786,3786.69
3787,3787.37
3788,3787
3789,3789.46
3790,3790.62
3791,3790.03
3792,3792.19
3793,3793.81
3794,3793.13
3795,3794.91
3796,3796.94
3797,3796.3
3798,3797.64
3799,3800
3800,3799.53
3801,3800.39
3802,3802.97
3803,3802.8
3804,3803.19
3805,3805.87
3806,3806.08
3807,3806.06
3808,3808.7
3809,3809.35
3810,3809
3811,3811.48
3812,3812.6
3813,3812.02
3814,3814.21
3815,3815.8
3816,3815.12
3817,3816.93
3818,3818.94
3819,3818.29
3820,3819.65
3821,3822
3822,3821.52
3823,3822.41
3824,3824.98
3825,3824.78
3826,3825.2
3827,3827.88
3828,3828.06
3829,3828.07
3830,3830.72
3831,3831.34
3832,3831
3833,3833.49
3834,3834.59
3835,3834.02
3836,3836.23
3837,3837.79
3838,3837.11
3839,3838.95
3840,3840.93
3841,3840.28
3842,3841.67
3843,3844
3844,3843.5
3845,3844.42
3846,3846.98
3847,3846.76
3848,3847.22
3849,3849.89
3850,3850.04
3851,3850.07
3852,3852.73
3853,3853.32
3854,3853.01
3855,3855.51
3856,3856.57
3857,3856.02
3858,3858.25
3859,3859.78
3860,3859.11
3861,3860.97
3862,3862.92
3863,3862.27
3864,3863.69
3865,3865.99
3866,3865.49
3867,3866.43
3868,3868.99
3869,3868.75
3870,3869.23
3871,3871.9
3872,3872.03
3873,3872.08
3874,3874.74
3875,3875.3
3876,3875.01
3877,3877.52
3878,3878.56
3879,3878.01
3880,3880.26
3881,3881.77
3882,3881.1
3883,3882.98
3884,3884.92
3885,3884.25
3886,3885.7
3887,3887.99
3888,3887.47
3889,3888.45
3890,3890.99
3891,3890.73
3892,3891.24
3893,3893.91
3894,3894.01
3895,3894.09
3896,3896.75
3897,3897.29
3898,3897.01
3899,3899.54
3900,3900.54
3901,3900.01
3902,3902.28
3903,3903.76
3904,3903.09
3905,3905
3906,3906.91
3907,3906.24
3908,3907.72
3909,3909.99
3910,3909.46
3911,3910.46
3912,3912.99
3913,3912.71
3914,3913.25
3915,3915.91
3916,3915.99
3917,3916.09
3918,3918.76
3919,3919.27
3920,3919.01
3921,3921.55
3922,3922.53
3923,3922.01
3924,3924.3
3925,3925.74
3926,3925.08
3927,3927.02
3928,3928.9
3929,3928.23
3930,3929.74
3931,3931.99
3932,3931.44
3933,3932.48
3934,3934.99
3935,3934.69
3936,3935.26
3937,3937.92
3938,3937.97
3939,3938.1
3940,3940.77
3941,3941.25
3942,3941.01
3943,3943.57
3944,3944.51
3945,3944.01
3946,3946.31
3947,3947.73
3948,3947.08
3949,3949.04
3950,3950.89
3951,3950.22
3952,3951.76
3953,3953.98
3954,3953.43
3955,3954.49
3956,3956.99
3957,3956.68
3958,3957.27
3959,3959.93
3960,3959.96
3961,3960.11
3962,3962.79
3963,3963.24
3964,3963.02
3965,3965.58
3966,3966.5
3967,3966
3968,3968.33
3969,3969.72
3970,3969.07
3971,3971.05
3972,3972.89
3973,3972.21
3974,3973.77
3975,3975.98
3976,3975.41
3977,3976.51
3978,3979
3979,3978.66
3980,3979.29
3981,3981.93
3982,3981.94
3983,3982.12
3984,3984.8
3985,3985.22
3986,3985.02
3987,3987.6
3988,3988.48
3989,3988
3990,3990.35
3991,3991.71
3992,3991.06
3993,3993.07
3994,3994.88
3995,3994.2
3996,3995.79
3997,3997.98
3998,3997.4
3999,3998.53
4000,4001
4001,4000.64
4002,4001.3
4003,4003.94
4004,4003.92
4005,4004.13
4006,4006.81
4007,4007.2
4008,4007.03
4009,4009.61
4010,4010.47
4011,4010
4012,4012.36
4013,4013.7
4014,4013.06
4015,4015.09
4016,4016.87
4017,4016.19
4018,4017.81
4019,4019.97
4020,4019.38
4021,4020.54
4022,4023
4023,4022.63
4024,4023.31
4025,4025.95
4026,4025.9
4027,4026.14
4028,4028.82
4029,4029.18
4030,4029.03
4031,4031.62
4032,4032.45
4033,4032
4034,4034.38
4035,4035.68
4036,4035.05
4037,4037.11
4038,4038.86
4039,4038.18
4040,4039.82
4041,4041.97
4042,4041.37
4043,4042.56
4044,4045
4045,4044.61
4046,4045.32
4047,4047.95
4048,4047.88
4049,4048.14
4050,4050.83
4051,4051.17
4052,4051.03
4053,4053.64
4054,4054.44
4055,4054
4056,4056.4
4057,4057.67
4058,4057.05
4059,4059.12
4060,4060.85
4061,4060.17
4062,4061.84
4063,4063.96
4064,4063.36
4065,4064.57
4066,4067
4067,4066.6
4068,4067.34
4069,4069.96
4070,4069.87
4071,4070.15
4072,4072.84
4073,4073.15
4074,4073.04
4075,4075.65
4076,4076.42
4077,4076
4078,4078.41
4079,4079.66
4080,4079.04
4081,4081.14
4082,4082.84
4083,4082.16
4084,4083.86
4085,4085.96
4086,4085.34
4087,4086.59
4088,4089
4089,4088.58
4090,4089.35
4091,4091.96
4092,4091.85
4093,4092.16
4094,4094.85
4095,4095.13
4096,4095.04
4097,4097.66
4098,4098.4
4099,4098
4100,4100.43
4101,4101.64
4102,4101.04
4103,4103.16
4104,4104.83
4105,4104.15
4106,4105.88
4107,4107.95
4108,4107.33
4109,4108.6
4110,4111
4111,4110.56
4112,4111.36
4113,4113.97
4114,4113.83
4115,4114.17
4116,4116.86
4117,4117.11
4118,4117.05
4119,4119.68
4120,4120.39
4121,4120
4122,4122.44
4123,4123.63
4124,4123.03
4125,4125.18
4126,4126.82
4127,4126.14
4128,4127.89
4129,4129.95
4130,4129.32
4131,4130.62
4132,4133
4133,4132.55
4134,4133.38
4135,4135.97
4136,4135.81
4137,4136.18
4138,4138.86
4139,4139.1
4140,4139.05
4141,4141.69
4142,4142.37
4143,4142
4144,4144.46
4145,4145.62
4146,4145.03
4147,4147.19
4148,4148.81
4149,4148.13
4150,4149.91
4151,4151.94
4152,4151.3
4153,4152.64
4154,4155
4155,4154.53
4156,4155.39
4157,4157.97
4158,4157.8
4159,4158.19
4160,4160.87
4161,4161.08
4162,4161.06
4163,4163.7
4164,4164.35
4165,4164
4166,4166.48
4167,4167.6
4168,4167.02
4169,4169.21
4170,4170.8
4171,4170.12
4172,4171.93
4173,4173.94
4174,4173.29
4175,4174.65
4176,4177
4177,4176.52
4178,4177.41
4179,4179.98
4180,4179.78
4181,4180.2
4182,4182.88
4183,4183.06
4184,4183.07
4185,4185.72
4186,4186.34
4187,4186
4188,4188.49
4189,4189.59
4190,4189.02
4191,4191.23
4192,4192.79
4193,4192.11
4194,4193.95
4195,4195.93
4196,4195.28
4197,4196.67
4198,4199
4199,4198.5
4200,4199.42
4201,4201.98
4202,4201.76
4203,4202.22
4204,4204.89
4205,4205.04
4206,4205.07
4207,4207.73
4208,4208.32
4209,4208.01
4210,4210.51
4211,4211.57
4212,4211.02
4213,4213.25
4214,4214.78
4215,4214.11
4216,4215.97
4217,4217.92
4218,4217.27
4219,4218.69
4220,4220.99
4221,4220.49
4222,4221.43
4223,4223.99
4224,4223.75
4225,4224.23
4226,4226.9
4227,4227.03
4228,4227.08
4229,4229.74
4230,4230.3
4231,4230.01
4232,4232.52
4233,4233.56
4234,4233.01
4235,4235.26
4236,4236.77
4237,4236.1
4238,4237.98
4239,4239.92
4240,4239.25
4241,4240.7
4242,4242.99
4243,4242.47
4244,4243.45
4245,4245.99
4246,4245.73
4247,4246.24
4248,4248.91
4249,4249.01
4250,4249.09
4251,4251.75
4252,4252.29
4253,4252.01
4254,4254.54
4255,4255.54
4256,4255.01
4257,4257.28
4258,4258.76
4259,4258.09
4260,4260
4261,4261.91
4262,4261.24
4263,4262.72
4264,4264.99
4265,4264.46
4266,4265.46
4267,4267.99
4268,4267.71
4269,4268.25
4270,4270.91
4271,4270.99
4272,4271.09
4273,4273.76
4274,4274.27
4275,4274.01
4276,4276.55
4277,4277.53
4278,4277.01
4279,4279.3
4280,4280.74
4281,4280.08
4282,4282.02
4283,4283.9
4284,4283.23
4285,4284.74
4286,4286.99
4287,4286.44
4288,4287.48
4289,4289.99
4290,4289.69
4291,4290.26
4292,4292.92
4293,4292.97
4294,4293.1
4295,4295.77
4296,4296.25
4297,4296.01
4298,4298.57
4299,4299.51
4300,4299.01
4301,4301.31
4302,4302.73
4303,4302.08
4304,4304.04
4305,4305.89
4306,4305.22
4307,4306.76
4308,4308.98
4309,4308.43
4310,4309.49
4311,4311.99
4312,4311.68
4313,4312.27
4314,4314.93
4315,4314.96
4316,4315.11
4317,4317.79
4318,4318.24
4319,4318.02
4320,4320.58
4321,4321.5
4322,4321
4323,4323.33
4324,4324.72
4325,4324.07
4326,4326.05
4327,4327.89
4328,4327.21
4329,4328.77
4330,4330.98
4331,4330.41
4332,4331.51
4333,4334
4334,4333.66
4335,4334.29
4336,4336.93
4337,4336.94
4338,4337.12
4339,4339.8
4340,4340.22
4341,4340.02
4342,4342.6
4343,4343.48
4344,4343
4345,4345.35
4346,4346.71
4347,4346.06
4348,4348.07
4349,4349.88
4350,4349.2
4351,4350.79
4352,4352.98
4353,4352.4
4354,4353.53
4355,4356
4356,4355.64
4357,4356.3
4358,4358.94
4359,4358.92
4360,4359.13
4361,4361.81
4362,4362.2
4363,4362.03
4364,4364.61
4365,4365.47
4366,4365
4367,4367.36
4368,4368.7
4369,4368.06
4370,4370.09
4371,4371.87
4372,4371.19
4373,4372.81
4374,4374.97
4375,4374.38
4376,4375.54
4377,4378
4378,4377.63
4379,4378.31
4380,4380.95
4381,4380.9
4382,4381.14
4383,4383.82
4384,4384.18
4385,4384.03
4386,4386.62
4387,4387.45
4388,4387
4389,4389.38
4390,4390.68
4391,4390.05
4392,4392.11
4393,4393.86
4394,4393.18
4395,4394.82
4396,4396.97
4397,4396.37
4398,4397.56
4399,4400
4400,4399.61
4401,4400.32
4402,4402.95
4403,4402.88
4404,4403.14
4405,4405.83
4406,4406.17
4407,4406.03
4408,4408.64
4409,4409.44
4410,4409
4411,4411.4
4412,4412.67
4413,4412.05
4414,4414.12
4415,4415.85
4416,4415.17
4417,4416.84
4418,4418.96
4419,4418.36
4420,4419.57
4421,4422
4422,4421.6
4423,4422.34
4424,4424.96
4425,4424.87
4426,4425.15
4427,4427.84
4428,4428.15
4429,4428.04
4430,4430.65
4431,4431.42
4432,4431
4433,4433.41
4434,4434.66
4435,4434.04
4436,4436.14
4437,4437.84
4438,4437.16
4439,4438.86
4440,4440.96
4441,4440.34
4442,4441.59
4443,4444
4444,4443.58
4445,4444.35
4446,4446.96
4447,4446.85
4448,4447.16
4449,4449.85
4450,4450.13
4451,4450.04
4452,4452.66
4453,4453.4
4454,4453
4455,4455.43
4456,4456.64
4457,4456.04
4458,4458.16
4459,4459.83
4460,4459.15
4461,4460.88
4462,4462.95
4463,4462.33
4464,4463.6
4465,4466
4466,4465.56
4467,4466.36
4468,4468.97
4469,4468.83
4470,4469.17
4471,4471.86
4472,4472.11
4473,4472.05
4474,4474.68
4475,4475.39
4476,4475
4477,4477.44
4478,4478.63
4479,4478.03
4480,4480.18
4481,4481.82
4482,4481.14
4483,4482.89
4484,4484.95
4485,4484.32
4486,4485.62
4487,4488
4488,4487.55
4489,4488.38
4490,4490.97
4491,4490.81
4492,4491.18
4493,4493.86
4494,4494.1
4495,4494.05
4496,4496.69
4497,4497.37
4498,4497
4499,4499.46
4500,4500.62
4501,4500.03
4502,4502.19
4503,4503.81
4504,4503.13
4505,4504.91
4506,4506.94
4507,4506.3
4508,4507.64
4509,4510
4510,4509.53
4511,4510.39
4512,4512.97
4513,4512.8
4514,4513.19
4515,4515.87
4516,4516.08
4517,4516.06
4518,4518.7
4519,4519.35
4520,4519
4521,4521.48
4522,4522.6
4523,4522.02
4524,4524.21
4525,4525.8
4526,4525.12
4527,4526.93
4528,4528.94
4529,4528.29
4530,4529.65
4531,4532
4532,4531.52
4533,4532.41
4534,4534.98
4535,4534.78
4536,4535.2
4537,4537.88
4538,4538.06
4539,4538.07
4540,4540.72
4541,4541.34
4542,4541
4543,4543.49
4544,4544.59
4545,4544.02
4546,4546.23
4547,4547.79
4548,4547.11
4549,4548.95
4550,4550.93
4551,4550.28
4552,4551.67
4553,4554
4554,4553.5
4555,4554.42
4556,4556.98
4557,4556.76
4558,4557.22
4559,4559.89
4560,4560.04
4561,4560.07
4562,4562.73
4563,4563.32
4564,4563.01
4565,4565.51
4566,4566.57
4567,4566.02
4568,4568.25
4569,4569.78
4570,4569.11
4571,4570.97
4572,4572.92
4573,4572.27
4574,4573.69
4575,4575.99
4576,4575.49
4577,4576.43
4578,4578.99
4579,4578.75
4580,4579.23
4581,4581.9
4582,4582.03
4583,4582.08
4584,4584.74
4585,4585.3
4586,4585.01
4587,4587.52
4588,4588.56
4589,4588.01
4590,4590.26
4591,4591.77
4592,4591.1
4593,4592.98
4594,4594.92
4595,4594.25
4596,4595.7
4597,4597.99
4598,4597.47
4599,4598.45
4600,4600.99
4601,4600.73
4602,4601.24
4603,4603.91
4604,4604.01
4605,4604.09
4606,4606.75
4607,4607.29
4608,4607.01
4609,4609.54
4610,4610.54
4611,4610.01
4612,4612.28
4613,4613.76
4614,4613.09
4615,4615
4616,4616.91
4617,4616.24
4618,4617.72
4619,4619.99
4620,4619.46
4621,4620.46
4622,4622.99
4623,4622.71
4624,4623.25
4625,4625.91
4626,4625.99
4627,4626.09
4628,4628.76
4629,4629.27
4630,4629.01
4631,4631.55
4632,4632.53
4633,4632.01
4634,4634.3
4635,4635.74
4636,4635.08
4637,4637.02
4638,4638.9
4639,4638.23
4640,4639.74
4641,4641.99
4642,4641.44
4643,4642.48
4644,4644.99
4645,4644.69
4646,4645.26
4647,4647.92
4648,4647.97
4649,4648.1
4650,4650.77
4651,4651.25
4652,4651.01
4653,4653.57
4654,4654.51
4655,4654.01
4656,4656.31
4657,4657.73
4658,4657.08
4659,4659.04
4660,4660.89
4661,4660.22
4662,4661.76
4663,4663.98
4664,4663.43
4665,4664.49
4666,4666.99
4667,4666.68
4668,4667.27
4669,4669.93
4670,4669.95
4671,4670.11
4672,4672.79
4673,4673.24
4674,4673.02
4675,4675.58
4676,4676.5
4677,4676
4678,4678.33
4679,4679.72
4680,4679.07
4681,4681.05
4682,4682.89
4683,4682.21
4684,4683.77
4685,4685.98
4686,4685.41
4687,4686.51
4688,4689
4689,4688.66
4690,4689.29
4691,4691.93
4692,4691.94
4693,4692.12
4694,4694.8
4695,4695.22
4696,4695.02
4697,4697.6
4698,4698.48
4699,4698
4700,4700.35
4701,4701.71
4702,4701.06
4703,4703.07
4704,4704.88
4705,4704.2
4706,4705.79
4707,4707.98
4708,4707.4
4709,4708.53
4710,4711
4711,4710.64
4712,4711.3
4713,4713.94
4714,4713.92
4715,4714.13
4716,4716.81
4717,4717.2
4718,4717.03
4719,4719.61
4720,4720.47
4721,4720
4722,4722.36
4723,4723.7
4724,4723.06
4725,4725.09
4726,4726.87
4727,4726.19
4728,4727.81
4729,4729.97
4730,4729.38
4731,4730.54
4732,4733
4733,4732.63
4734,4733.31
4735,4735.95
4736,4735.9
4737,4736.14
4738,4738.82
4739,4739.18
4740,4739.03
4741,4741.62
4742,4742.45
4743,4742
4744,4744.38
4745,4745.68
4746,4745.05
4747,4747.11
4748,4748.86
4749,4748.18
4750,4749.82
4751,4751.97
4752,4751.37
4753,4752.56
4754,4755
4755,4754.61
4756,4755.32
4757,4757.95
4758,4757.88
4759,4758.14
4760,4760.83
4761,4761.17
4762,4761.03
4763,4763.64
4764,4764.44
4765,4764
4766,4766.4
4767,4767.67
4768,4767.05
4769,4769.12
4770,4770.85
4771,4770.17
4772,4771.84
4773,4773.96
4774,4773.36
4775,4774.57
4776,4777
4777,4776.6
4778,4777.34
4779,4779.96
4780,4779.87
4781,4780.15
4782,4782.84
4783,4783.15
4784,4783.04
4785,4785.65
4786,4786.42
4787,4786
4788,4788.41
4789,4789.66
4790,4789.04
4791,4791.14
4792,4792.84
4793,4792.16
4794,4793.86
4795,4795.96
4796,4795.34
4797,4796.59
4798,4799
4799,4798.58
4800,4799.35
4801,4801.96
4802,4801.85
4803,4802.16
4804,4804.85
4805,4805.13
4806,4805.04
4807,4807.66
4808,4808.4
4809,4808
4810,4810.43
4811,4811.64
4812,4811.04
4813,4813.16
4814,4814.83
4815,4814.15
4816,4815.88
4817,4817.95
4818,4817.33
4819,4818.6
4820,4821
4821,4820.56
4822,4821.36
4823,4823.97
4824,4823.83
4825,4824.17
4826,4826.86
4827,4827.11
4828,4827.05
4829,4829.68
4830,4830.39
4831,4830
4832,4832.44
4833,4833.63
4834,4833.03
4835,4835.18
4836,4836.82
4837,4836.14
4838,4837.89
4839,4839.95
4840,4839.32
4841,4840.62
4842,4843
4843,4842.55
4844,4843.38
4845,4845.97
4846,4845.81
4847,4846.18
4848,4848.86
4849,4849.1
4850,4849.05
4851,4851.69
4852,4852.37
4853,4852
4854,4854.46
4855,4855.62
4856,4855.03
4857,4857.19
4858,4858.81
4859,4858.13
4860,4859.91
4861,4861.94
4862,4861.3
4863,4862.64
4864,4865
4865,4864.53
4866,4865.39
4867,4867.97
4868,4867.8
4869,4868.19
4870,4870.87
4871,4871.08
4872,4871.06
4873,4873.7
4874,4874.35
4875,4874
4876,4876.48
4877,4877.6
4878,4877.02
4879,4879.21
4880,4880.8
4881,4880.12
4882,4881.93
4883,4883.94
4884,4883.29
4885,4884.65
4886,4887
4887,4886.52
4888,4887.41
4889,4889.98
4890,4889.78
4891,4890.2
4892,4892.88
4893,4893.06
4894,4893.07
4895,4895.72
4896,4896.34
4897,4896
4898,4898.49
4899,4899.59
4900,4899.02
4901,4901.23
4902,4902.79
4903,4902.11
4904,4903.95
4905,4905.93
4906,4905.28
4907,4906.67
4908,4909
4909,4908.5
4910,4909.42
4911,4911.98
4912,4911.76
4913,4912.22
4914,4914.89
4915,4915.04
4916,4915.07
4917,4917.73
4918,4918.32
4919,4918.01
4920,4920.51
4921,4921.57
4922,4921.02
4923,4923.25
4924,4924.78
4925,4924.11
4926,4925.97
4927,4927.92
4928,4927.27
4929,4928.69
4930,4930.99
4931,4930.49
4932,4931.43
4933,4933.99
4934,4933.75
4935,4934.23
4936,4936.9
4937,4937.03
4938,4937.08
4939,4939.74
4940,4940.3
4941,4940.01
4942,4942.52
4943,4943.56
4944,4943.01
4945,4945.26
4946,4946.77
4947,4946.1
4948,4947.98
4949,4949.92
4950,4949.25
4951,4950.7
4952,4952.99
4953,4952.47
4954,4953.45
4955,4955.99
4956,4955.73
4957,4956.24
4958,4958.91
4959,4959.01
4960,4959.09
4961,4961.75
4962,4962.29
4963,4962.01
4964,4964.54
4965,4965.54
4966,4965.01
4967,4967.28
4968,4968.76
4969,4968.09
4970,4970
4971,4971.91
4972,4971.24
4973,4972.72
4974,4974.99
4975,4974.46
4976,4975.46
4977,4977.99
4978,4977.71
4979,4978.25
4980,4980.91
4981,4980.99
4982,4981.09
4983,4983.76
4984,4984.27
4985,4984.01
4986,4986.55
4987,4987.53
4988,4987.01
4989,4989.3
4990,4990.74
4991,4990.08
4992,4992.02
4993,4993.9
4994,4993.23
4995,4994.74
4996,4996.99
4997,4996.44
4998,4997.48
4999,4999.99
